"FinessGeo";"cpx";"2015";"2016";"2017";"2018";"2019"
"010000024";0;35.29;43.53;38.52;30.26;35.82
"010000024";1;25;77.78;85.71;57.14;83.33
"010000032";0;56.52;59.38;66.67;74.63;55.32
"010000032";1;54.55;72.41;65;80;46.15
"010005239";0;92.04;82.3;82.81;82.07;75.19
"010005239";1;100;100;100;85.71;100
"010780195";0;33.54;31.71;33.56;30.42;38.35
"010780195";1;62.5;57.14;71.43;69.23;87.5
"010780203";0;61.43;50;58.65;70.18;62.84
"010780203";1;66.67;33.33;100;50;44.44
"020000162";0;17.92;25.95;11.4;9.01;16.41
"020000162";1;33.33;50;100;NA;100
"020000360";0;5.05;NA;NA;NA;17.28
"020000394";0;43.21;25.3;28.81;28.92;7.69
"020000394";1;58.33;28.57;36.36;44.44;30
"020000519";0;29.9;17.9;35.57;24.03;28.21
"020000519";1;50;37.5;NA;50;40
"020000535";0;62.07;56.67;52.63;50;15.38
"020000535";1;50;66.67;100;100;100
"020001061";0;59.38;40;52.63;53.33;36.84
"020010047";0;10.55;12.69;10.31;11.09;15.21
"020010047";1;21.33;20;29.03;41.18;33.33
"030000061";0;50.59;40.51;38.82;42.71;50
"030000061";1;57.14;64.29;64.71;60;28.57
"030000079";0;52.08;50.94;43.02;51.11;63.08
"030000079";1;57.14;72.73;70;41.67;80
"030000087";0;17.42;18.61;17.32;16.39;15.84
"030000087";1;45.16;38.46;39.29;31.58;42.11
"030781116";0;41.6;43.51;34.85;30.63;27.55
"030781116";1;73.47;59.65;58.62;47.37;55.56
"030785430";0;31.44;31.45;20.27;21.24;22.08
"030785430";1;50;87.5;33.33;66.67;69.23
"040000093";0;41.84;43.52;52.88;46.53;20.24
"040000093";1;80;55.56;100;66.67;NA
"040000911";0;20.69;33.64;30.83;40.78;72.29
"040000911";1;50;NA;50;50;60
"040780470";0;60.65;57.84;59.69;60.59;64.53
"040780470";1;66.67;71.43;54.55;80;77.78
"050000090";0;73.13;60.65;61.45;58.47;73.45
"050000090";1;89.47;78.69;91.67;80;100
"050000231";0;87.88;84.38;80;77.78;75.51
"050000231";1;100;100;66.67;NA;50
"050000348";0;32.89;32.46;35.15;42.65;46.09
"050000348";1;33.33;42.86;25;55.56;100
"060000478";0;69.47;55.66;61.64;45.45;51.19
"060000478";1;100;90;64.29;55.56;40
"060000510";0;63.45;61.71;60.48;53.77;61.73
"060000510";1;68.75;66.67;70;58.33;73.68
"060000544";0;23.53;39.76;23.08;27.55;52.67
"060000544";1;20;50;NA;29.03;75
"060001450";0;36.21;50;NA;NA;NA
"060002102";0;48.72;42.24;38.18;43.21;62
"060002102";1;50;100;43.75;71.43;86.67
"060021417";0;50;42.53;31.75;31.63;41.84
"060021417";1;50;66.67;NA;83.33;50
"060780491";0;46.38;43.75;40;33.87;50
"060780491";1;55.56;33.33;72.22;55.56;9.09
"060780517";0;51.06;46.37;44.65;39.2;47.86
"060780517";1;85;53.85;50;78.57;75
"060780590";0;73.4;69.37;71.32;64.29;52.98
"060780590";1;80;50;62.5;66.67;66.67
"060780665";0;53.12;69.23;63.16;63.64;NA
"060780665";1;55.56;45.45;42.86;NA;NA
"060780715";0;55.85;47.48;29.66;23.84;20.16
"060780715";1;72;66.67;45.45;83.33;46.67
"060780723";0;30;24;26.19;34.67;52.31
"060781200";0;45.32;47.1;34.85;52.9;49.12
"060781200";1;100;NA;NA;NA;50
"060785003";0;100;50;53.51;63.69;64.68
"060785003";1;100;50;62.96;70.27;86.05
"060789195";0;57.78;47.88;NA;NA;NA
"060789195";1;64.71;57.78;NA;NA;NA
"060800166";0;38.89;39.47;36.02;40.57;35.23
"060800166";1;57.14;47.83;52;63.64;64.29
"070000013";0;40;40.74;40;46.15;36.36
"070000013";1;66.67;33.33;66.67;33.33;66.67
"070000179";0;45.71;40.54;27.78;36.36;41.54
"070000179";1;66.67;50;61.11;53.33;71.43
"070000609";0;45;48.57;40;50;27.66
"070000609";1;100;66.67;NA;66.67;100
"070780168";0;28.57;30.95;42.98;38.94;31.58
"070780168";1;22.22;NA;80;60;60
"070780408";0;43.45;35.8;28.36;36.51;NA
"070780408";1;81.82;80;100;50;NA
"070780424";0;32.15;31.21;28.01;29.92;32.57
"070780424";1;37.5;46.15;43.75;56.25;64.29
"080000219";0;14.29;NA;6.67;5.88;NA
"080000219";1;50;60;16.67;33.33;NA
"080000425";0;8.82;10.53;6.49;14.29;28.96
"080000425";1;25;60;60;30;40
"080010465";0;1.72;4.29;NA;1.05;NA
"080010473";0;40.57;33.73;34.45;20;16.81
"080010473";1;40.85;59.15;40;40.38;23.81
"090000175";0;63.64;58.58;51.97;57.45;59.79
"090000175";1;91.67;61.11;40;69.23;72.22
"090000183";0;86.17;93.41;83.33;83.67;78.7
"090000183";1;100;84.62;85.71;100;91.67
"100000082";0;33.33;22.5;7.69;25;43.64
"100000082";1;50;50;NA;33.33;100
"100000090";0;20.62;8.15;24.14;39.71;44.26
"100000090";1;50;16.67;50;40;77.78
"100000124";0;44.18;25.31;0.47;1.49;9.93
"100000124";1;80;52;NA;4.35;14.81
"100002351";0;1.89;NA;1.14;NA;NA
"110000023";0;21.74;60;39.36;30.82;28.12
"110000023";1;15;91.67;48.39;22.86;31.58
"110000056";0;54.48;57.49;50.76;39.7;46.61
"110000056";1;80;60;69.23;50;41.18
"110780228";0;41.86;24.79;33.62;28.79;27.93
"110780228";1;37.5;50;50;12.5;33.33
"110780483";0;74.22;70.5;63.03;64.5;63.35
"110780483";1;87.5;76.47;80;66.67;66.67
"120000039";0;37.44;45.53;45.7;59.85;51.17
"120000039";1;48.48;58.14;43.75;70;87.5
"120000054";0;58.33;61.67;57.14;57.07;56.1
"120000054";1;66.67;66.67;83.33;84.21;62.5
"120000070";1;100;50;20;50;NA
"120001128";0;48.06;55.07;NA;NA;NA
"120001128";1;46.15;71.43;NA;NA;NA
"120004569";0;54.84;40.27;37.75;32.14;33.12
"120004569";1;90;85.71;66.67;55.56;28.57
"130000409";0;54.08;49.55;45.41;33.12;28.41
"130000409";1;47.62;62.5;60;40;44.44
"130000565";0;45.12;39.6;47.69;45.76;52.17
"130000565";1;66.67;60;50;100;92.31
"130001225";0;40.35;34.09;22.92;28.89;43.59
"130001225";1;25;NA;25;50;NA
"130002215";0;8.33;24;15;15.79;37.5
"130002827";0;72.73;56.76;42.86;33.33;24
"130002827";1;100;NA;100;100;50
"130002835";0;5.88;2.56;9.3;22.22;20.59
"130008253";0;36.36;33.14;46.75;34.54;30.69
"130008253";1;66.67;33.33;100;100;NA
"130037922";0;24.23;22.52;29.59;36;34.34
"130037922";1;33.33;58.82;55.56;50;50
"130043664";0;50.35;53.85;56.88;59.05;59.73
"130043664";1;67.74;62.16;48;50;72.41
"130780521";0;47.65;53.64;47.47;56.33;44.29
"130780521";1;33.33;61.54;40;50;42.86
"130781289";0;41.24;25;39.34;36.17;55.56
"130781289";1;50;100;50;50;NA
"130781370";0;42.69;32.98;34.73;37.21;44.24
"130781370";1;37.5;57.14;33.33;63.16;73.33
"130781479";0;80.26;66.82;50.66;61.28;58.03
"130781479";1;90.91;69.23;66.67;53.85;68.42
"130781867";0;46.02;32.18;19.63;25.93;45.45
"130781867";1;40;41.38;25.93;50;36.36
"130782071";0;38.06;29.19;34.72;37.97;32.8
"130782071";1;20;50;40;NA;100
"130782147";0;31.48;28.57;32.5;39.39;32.08
"130782147";1;66.67;NA;66.67;60;55.56
"130782162";0;35.21;23.26;32.91;32.39;59.7
"130782675";0;33.33;40;32.35;33.33;29.58
"130782675";1;50;100;NA;NA;NA
"130783293";0;20;NA;NA;NA;40
"130783327";0;22.58;18.75;10;26.67;NA
"130783665";0;45.9;44.44;32.31;47.76;41.54
"130783665";1;100;42.86;71.43;71.43;33.33
"130783723";0;39.31;38.1;38.08;37.86;38.65
"130783723";1;45.45;58.33;60;70;60
"130784051";0;50;NA;NA;NA;66.67
"130784234";0;44.15;44.63;41.02;46.92;45.95
"130784234";1;62.07;48.15;57.14;70.59;54.55
"130784713";0;49.61;44.09;37.4;40.58;41.8
"130784713";1;58.06;35.29;40;66.67;55.56
"130785389";0;53.69;47.04;55.41;58.45;60.05
"130785389";1;75;60;50;100;100
"130785652";0;16.4;52.63;57.43;52.14;50.27
"130785652";1;23.33;73.33;70;56.67;68.29
"130785678";0;42.86;53.85;36.36;30.43;41.18
"130785678";1;37.5;75;36.36;71.43;66.67
"130786361";0;44.51;41.94;28.49;37.5;35.34
"130786361";1;62.5;66.67;80.65;62.96;76.67
"130786742";0;79.55;17.95;35.85;46;85
"130786742";1;60;50;50;20;50
"130810740";0;6.43;14.99;30.12;43;45.09
"130810740";1;15;21.43;39.13;60;57.14
"140000027";0;12.33;21.84;20.61;27.2;26.17
"140000027";1;44.44;37.5;NA;40;NA
"140000209";0;47.39;36.07;34.93;42.53;37.17
"140000209";1;44.74;47.27;54.55;60;52.63
"140000233";0;48.78;51.65;47.79;50.93;61.05
"140000233";1;50;62.5;58.82;66.67;80
"140000290";0;26.28;33.6;30.74;27.09;17.11
"140000290";1;5.56;4.35;19.05;18.75;21.43
"140016759";0;44.83;41.51;50.42;45.26;44.6
"140016759";1;63.75;73.68;70.37;75;74.07
"140017237";0;31.8;30.27;31.92;31.88;37.35
"140017237";1;49.35;57.38;56.41;60.61;62.07
"140018730";0;9.38;8.11;11.28;6.1;1.1
"140024886";0;36.51;37.14;29.76;26.67;31.48
"140024886";1;64.29;54.55;50;NA;66.67
"140026709";0;29.09;23.44;29.03;36.92;21.67
"140026709";1;42.86;33.33;40;50;NA
"150000032";0;28.79;29.63;21.74;39.39;60
"150000032";1;66.67;NA;50;100;66.67
"150000040";0;21.43;20;18.18;33.33;57.89
"150780732";0;53.23;47.21;42.88;45.6;47.16
"150780732";1;90;71.79;69.39;78.38;83.33
"160000170";0;41.88;42.11;41.06;43.06;41.61
"160000170";1;62.5;56.25;41.67;NA;83.33
"160000253";0;63.13;56.49;44.19;48.44;50.24
"160000253";1;61.11;71.43;77.78;88.89;73.33
"160000279";0;28.8;35.71;32.74;30;32.14
"160000279";1;56.25;70.59;25;58.82;42.86
"160013207";0;34.26;30.46;30.34;28.01;30.88
"160013207";1;75;50;66.67;100;66.67
"170000038";0;68.29;71.88;83.33;46.15;40.38
"170000038";1;100;100;83.33;100;75
"170000087";0;67.03;53.4;41.76;36.16;40.89
"170000087";1;71.43;58.33;50;43.33;65.38
"170000095";0;88.24;86.67;55.56;75;NA
"170000095";1;100;80;NA;NA;NA
"170000103";0;32.88;35;31.17;32.91;15.19
"170000103";1;28.57;35.29;42.86;66.67;50
"170000152";0;20.99;28.72;17.7;20.52;16.78
"170000152";1;50;57.14;NA;50;25
"170780563";0;34.36;35.81;29.83;32.95;38.64
"170780563";1;42.86;75;100;72.73;69.23
"170780613";0;12.89;18.24;21.56;25.87;25.86
"170780613";1;12.5;52.63;28.57;100;60
"170780621";0;46.81;46.81;51.57;44.47;47.61
"170780621";1;64.71;84.21;66.67;40;55.56
"170780647";0;20.47;20.64;20.06;22.45;22.16
"170780647";1;15.38;47.62;44.44;18.18;50
"170780662";0;24.9;21.78;25.84;23.13;27.13
"170780662";1;38.46;62.79;33.33;26.32;76.92
"180000010";0;32.43;21.17;12.93;14.63;25.16
"180000010";1;44.44;21.05;35.29;37.5;25
"180000200";0;55.88;54.1;46.03;68.27;51.96
"180000200";1;46.15;50;66.67;62.5;64.71
"180004145";0;28.5;23.45;22.33;31.37;28.39
"180004145";1;25;56.86;35.71;44.74;57.41
"190000018";0;48.44;46.55;31.63;40.32;30.65
"190000018";1;33.33;50;60;50;25
"190000026";0;22.73;24.49;40.82;48.15;39.29
"190000026";1;63.64;87.5;54.55;66.67;53.33
"190000091";0;84.55;70.53;56.98;37.7;36.67
"190000091";1;83.33;80;77.78;50;33.33
"190000224";0;46.98;40.45;39.84;31;32.12
"190000224";1;71.43;53.66;57.45;51.16;44.68
"210780110";0;57.32;40.79;36.73;NA;NA
"210780110";1;100;NA;NA;NA;NA
"210780136";0;52.21;47.64;50.84;NA;NA
"210780136";1;58.82;63.16;50;NA;NA
"210780789";0;32.04;35.19;41.23;28.57;24.37
"210780789";1;57.14;75;33.33;77.78;100
"210780979";0;36.89;36;28.69;NA;NA
"210780979";1;56.25;57.14;50;NA;NA
"210987558";0;11.9;20.88;12.29;9.26;23.04
"210987558";1;33.33;47.37;19.23;8.33;73.33
"210987657";0;50.86;51.38;44.76;42.16;32.43
"210987657";1;25;80;75;85.71;50
"210987699";0;5;16.39;20.24;13.64;2.75
"210987699";1;6.9;20;25;10.2;4.55
"220000012";0;60.84;49.33;45.62;51.59;54.55
"220000012";1;100;56.25;80.95;78.26;60
"220000111";0;16.44;13.19;10.48;9.28;15.75
"220000111";1;48.15;80;42.86;42.86;33.33
"220000285";0;33.49;NA;NA;NA;NA
"220000285";1;64.86;NA;NA;NA;NA
"220000301";0;35;NA;NA;NA;NA
"220000301";1;33.33;NA;NA;NA;NA
"220000343";0;33.04;25.42;41.53;35.16;38.46
"220000343";1;62.5;61.29;60;53.33;62.5
"220000368";0;48.48;45.24;34.09;58.06;45.95
"220000368";1;52.17;55.56;57.14;50;58.33
"220005599";0;36.62;37.66;14.63;6.41;23.08
"220005599";1;48.28;57.14;45.45;14.29;50
"220022800";0;33.33;29.25;31.53;33.15;38.37
"230000820";0;33.67;54.9;53.09;50;53.66
"230000820";1;80;22.22;50;50;75
"230780157";0;21.59;14.58;17.72;22.96;35.52
"230780157";1;42.11;17.65;31.25;58.33;37.5
"240000190";0;25.97;19.38;18.08;21.08;17.9
"240000190";1;57.14;50;66.67;66.67;66.67
"240000208";0;27.72;20.79;27.78;25.61;29.9
"240000208";1;75;60;50;35.71;66.67
"240000216";0;55;53.48;29.73;47.63;56.33
"240000216";1;65.62;60;30;53.33;42.86
"240000372";0;50;61.4;59.04;54.43;60.29
"240000372";1;100;40;60;100;50
"240000489";0;70.51;55.65;64.22;53.12;42.42
"240000489";1;77.78;81.82;63.16;70;75
"250000270";0;26.78;28.71;29;29.41;28.2
"250000270";1;67.57;80.95;60;75;77.78
"250000700";0;11.5;9.73;19.47;28.02;27.61
"250000700";1;14.29;NA;37.5;41.18;64.29
"250000734";0;100;NA;NA;NA;NA
"250000734";1;25;NA;NA;NA;NA
"250006954";0;4.96;13.99;16.38;21.34;15.6
"250006954";1;11.11;16.67;28.57;37.5;14.29
"250011723";0;17.04;NA;NA;NA;NA
"250011723";1;25;NA;NA;NA;NA
"250011848";0;17.34;18.99;13.53;18.81;18.8
"250011848";1;37.5;44.44;40;42.86;64.29
"260000013";0;31.95;41.07;36.72;38.7;34.72
"260000013";1;53.85;50;64.52;64;40.91
"260000120";0;53.85;50.2;46.63;41.48;38.53
"260000120";1;53.33;66.67;54.55;45.45;68.75
"260000138";0;31.36;23.64;19.09;27.91;42.99
"260000138";1;44.44;50;75;50;71.43
"260000260";0;29.03;30.3;31.11;18.29;24
"260000260";1;70;40;42.86;75;NA
"260003017";0;38.03;31;23.38;26.21;24.11
"260003017";1;62.5;46.15;64.29;50;50
"270000045";0;30.51;36.11;33.33;52.63;61.29
"270000045";1;62.5;50;66.67;75;50
"270000326";0;36.96;38.89;39.42;32.71;12.4
"270000326";1;50;30;33.33;50;16.67
"270000359";0;48.89;38.24;61.64;62.5;73.85
"270000359";1;100;55.56;66.67;63.64;83.33
"270000367";0;50;20;66.67;85.71;NA
"270000367";1;66.67;NA;100;100;100
"270000458";0;23.23;13.16;NA;NA;NA
"270000458";1;46.15;25;NA;NA;NA
"270000862";0;33.93;31.82;36.03;43.05;48.63
"270000862";1;68.75;66.67;71.43;50;58.33
"280000084";0;52.55;53.16;57.44;53.17;55.93
"280000084";1;84.21;57.69;68.18;63.33;61.11
"280000159";0;31.55;27.39;NA;NA;NA
"280000159";1;53.85;75;NA;NA;NA
"280504267";0;45.45;42.68;27.68;32.39;34.33
"280504267";1;83.33;65.96;70.45;47.22;53.85
"280505777";0;39.13;38.1;32.16;28.15;29.05
"280505777";1;50;100;18.18;66.67;50
"290000025";0;63.9;51.11;49.67;41.02;31.23
"290000025";1;85;78.95;70.59;83.33;75
"290000033";0;29.81;44.26;30.77;21.71;23.88
"290000033";1;69.23;73.33;68.57;56.52;46.43
"290000140";0;33.7;28.08;32.29;30.98;28.26
"290000140";1;51.61;42.59;55.88;53.85;66.67
"290000173";0;44.44;42.86;51.22;51.61;55.88
"290000173";1;100;66.67;85.71;62.5;60
"290000207";0;35.02;39.38;27.6;25.08;23.81
"290000207";1;48.48;56.52;53.85;47.37;75
"290000215";0;50;49.82;51.72;37.6;44.7
"290000215";1;35.56;44.19;62.5;62.96;76.92
"290000256";0;44.68;34.78;55.56;39.29;37.5
"290000256";1;14.29;71.43;80;NA;50
"290000728";0;68.18;66.67;87.88;74.19;86.96
"290004324";0;36.68;33.1;37.64;40.29;37.45
"290004324";1;69.57;50;72.73;75;66.67
"290019777";0;45.31;38.8;29.25;29.75;28.28
"290019777";1;58.33;63.64;75;58.82;76.47
"290023431";0;60.7;58.91;42.11;38.32;34.9
"290023431";1;72.22;66.67;66.67;86.67;83.33
"2A0000022";0;50;58.18;65;56.82;62.03
"2A0000022";1;50;86.67;50;60;83.33
"2A0000139";0;52.67;44.44;42.36;36.79;50
"2A0000139";1;100;NA;NA;38.46;66.67
"2A0000154";0;61.11;66.67;60;25;NA
"2A0000154";1;100;NA;NA;NA;NA
"2B0000012";0;61.05;45.19;34.72;45.95;49.38
"2B0000012";1;33.33;75;54.55;61.54;61.11
"2B0000145";0;14.29;14.97;20.79;17.92;23.64
"2B0000145";1;25;22.22;80;NA;50
"2B0000392";0;6.67;1.28;6.02;1.89;5.56
"300000023";0;73.33;65.91;72.22;81.82;69.23
"300000023";1;100;NA;100;75;75
"300000031";0;79.25;75.56;76.84;86.92;85.9
"300000031";1;75;100;90.91;100;100
"300780137";0;31.27;33.82;43.75;49.26;44.26
"300780137";1;56.52;50;46.43;70.37;55.56
"300780152";0;50;41.7;42.65;38.65;47.74
"300780152";1;55.56;62.5;57.14;62.5;64.29
"300780228";0;84;44.44;NA;NA;NA
"300780228";1;50;NA;NA;NA;NA
"300781465";0;32.74;33.86;34.93;30.47;32.32
"300781465";1;55.56;16.67;16.67;37.5;50
"300782117";0;47.81;40.24;32.2;22.09;17.53
"300782117";1;56.76;56.76;58.54;60;45
"300788502";0;41.89;46.5;40.18;37.39;36.87
"300788502";1;55;47.62;51.72;45;62.5
"310000310";1;100;NA;NA;NA;NA
"310009279";0;69.23;78.48;63.25;66.2;66.32
"310009279";1;71.43;73.33;82.35;33.33;66.67
"310019351";0;50;NA;NA;NA;NA
"310026083";0;16.67;16.67;27.96;44.04;47.06
"310780101";0;55.26;61.45;51.52;41.57;NA
"310780101";1;75;94.12;50;75;NA
"310780135";0;50;NA;NA;NA;NA
"310780135";1;100;NA;NA;NA;NA
"310780150";0;53.98;52.29;45.96;42.98;40.8
"310780150";1;61.22;80.88;72.84;63.79;70.83
"310780283";0;32.46;32.87;25.3;23.75;23.46
"310780283";1;59.52;66.67;72.73;60;83.33
"310780309";0;48.51;42.97;44.64;55.26;NA
"310780309";1;66.67;83.33;100;66.67;NA
"310780382";0;69;45.05;46.59;46.32;46.34
"310780382";1;65;69.57;80;68.42;55.56
"310781000";0;32.21;30.8;23.56;22.11;27.05
"310781000";1;71.43;40;77.78;72.73;70.59
"310781067";0;53.99;44.44;39.42;45.15;44.15
"310781067";1;62.5;62.5;53.33;44.44;55.56
"310781505";0;55.43;55.3;56.81;53.73;47.39
"310781505";1;58.06;78.95;50;59.26;67.24
"310783048";0;25.75;25.21;25.77;34.33;38.87
"310783048";1;42.42;35.48;36.67;60.71;51.85
"310783055";1;100;NA;NA;NA;NA
"320000086";0;91.21;84.89;71.43;74.11;67.65
"320000086";1;95.24;100;75;85.71;86.67
"320780067";0;51.14;63.71;64.71;50;49.44
"320780067";1;66.67;75;88.89;58.33;75
"330000340";0;42.96;48.17;41.05;43.17;38.46
"330000340";1;58.82;53.33;60.87;77.78;76.92
"330000555";0;25;34.69;37.25;11.9;20.45
"330000555";1;66.67;46.15;50;50;44.44
"330000571";0;31.76;26.03;27.27;30.38;28.75
"330000571";1;80;77.78;53.33;66.67;30
"330000589";0;60;33.33;55.56;50;70.37
"330000605";0;12.65;17.86;3.49;3.06;4.51
"330000605";1;14.29;29.27;14.29;6.06;3.12
"330780115";0;15.45;26.32;16.47;13.02;15.87
"330780115";1;53.33;40;50;20;NA
"330780206";0;26.5;31.36;22.91;22.73;22.45
"330780206";1;33.33;50;25;33.33;NA
"330780255";0;23.87;24.11;18.23;17.42;22.3
"330780255";1;35.71;34.38;46.88;41.67;NA
"330780263";0;40.25;30.55;30.54;34.56;33.43
"330780263";1;64.71;72.73;35.71;50;60
"330780271";0;30.92;27.21;20.08;17.38;16.62
"330780271";1;52;66.67;58.33;56.25;66.67
"330780479";0;21.77;18.84;12.61;17.99;19.48
"330780479";1;42.86;64.29;26.09;33.33;36.96
"330780495";0;25.93;30.69;37.02;30.81;35.68
"330780495";1;100;14.29;37.5;75;71.43
"330780503";0;45.06;32.47;39.38;39.81;35.11
"330780503";1;43.75;68.75;42.86;55.56;70
"330780511";0;33.09;26.97;28;32.73;37.04
"330780511";1;100;62.5;NA;80;100
"330780529";0;28.35;27.76;25.95;31.98;36.63
"330780529";1;39.19;42.19;45.65;59.74;70.73
"330780537";0;23.39;17.99;24.24;24.35;27.43
"330780537";1;40;27.27;36.36;63.64;60
"330781303";0;52.14;50;40.4;47.92;NA
"330781303";1;100;66.67;50;66.67;NA
"330781360";0;20.68;19.21;16.53;21.43;21.46
"330781360";1;36.84;27.78;37.5;48.39;50
"330781402";0;13.46;16;27.27;21.35;38.07
"330781402";1;37.5;50;100;NA;66.67
"330782582";0;21.95;21.17;23.06;13.72;14.73
"330782582";1;30.77;33.33;100;100;100
"340000033";0;42.13;47.21;54.05;48.15;49.07
"340000033";1;60;62.5;57.14;70;53.85
"340000223";0;66.95;58.01;53.36;47.43;52.5
"340000223";1;41.67;57.14;64.29;40.91;66.67
"340009885";0;50.37;53.51;46.88;53.1;51.04
"340009885";1;50;75;66.67;71.43;66.67
"340015965";0;66.93;64.01;53.7;56.54;54.32
"340015965";1;88.89;62.5;46.15;53.33;47.83
"340780139";0;38.18;37.79;37.63;33.51;27.53
"340780139";1;70;81.82;40;30;20
"340780147";0;66.67;75;100;NA;57.14
"340780147";1;83.33;50;100;NA;NA
"340780154";0;53.57;52;50;41.67;21.74
"340780154";1;50;33.33;100;50;33.33
"340780634";0;56;58.38;53.98;54.65;56.74
"340780634";1;55.56;58.06;66.67;60;59.09
"340780642";0;65.3;61.94;63.03;67.78;73.83
"340780642";1;63.64;69.23;50;78.57;87.5
"340780667";0;50.65;55.48;36.81;34.38;36.49
"340780667";1;75;54.17;68.75;70.59;62.5
"340780675";0;56;48.72;50.35;40.85;36.31
"340780675";1;50;50;NA;66.67;50
"340780683";0;53.71;49.8;NA;NA;NA
"340780683";1;75.76;79.31;NA;NA;NA
"340780717";0;42.11;55.98;58.26;34.93;46.48
"340780717";1;60.87;66.67;80;64;58.33
"340780725";0;25;32.69;37.14;23.13;20.93
"340780741";0;42.59;29.73;27.27;31.43;40.35
"340780741";1;15.38;42.86;66.67;71.43;30
"340785161";0;46.13;41.11;57.07;55.32;58.2
"340785161";1;53.66;44.12;59.18;67.39;61.36
"350000121";0;21.84;20.32;17.54;15.33;16.79
"350000121";1;41.67;63.04;40.43;35.48;51.06
"350000139";0;18.18;17.06;9.78;10.37;10.56
"350000139";1;15.38;41.38;38.89;26.67;47.5
"350000147";0;46.25;38.67;41.56;31.51;44.62
"350000147";1;57.14;58.06;57.89;40;66.67
"350000154";0;25;15.62;33.33;42.86;31.43
"350000154";1;40;66.67;83.33;57.14;76.92
"350000162";0;43.16;46.81;33.33;26.56;34.69
"350000162";1;66.67;55.17;46.15;60;65.22
"350000188";0;31.3;16.53;19.72;20.88;22.5
"350000188";1;75;38.89;45;29.41;30.77
"350000196";0;13.93;22.2;22.94;21.93;25
"350000196";1;27.27;36.36;46.34;43.59;58.33
"350000741";0;35.75;26.54;19.66;18.39;14.5
"350000741";1;57.5;69.57;47.37;28;46.67
"350002192";0;28.85;25.76;21.46;18.89;19.02
"350002192";1;80;NA;25;100;80
"350005146";0;30.56;23.16;19.42;16.22;18.16
"350005146";1;52.94;33.33;11.76;25;30.43
"360000129";0;42.81;33.89;35.4;26.04;27.03
"360000129";1;69.44;66.67;75;100;100
"360000137";0;48.3;42.15;44.55;29.47;37.21
"360000137";1;87.5;70;55.56;83.33;33.33
"360000160";0;75;62.5;37.5;16.67;14.29
"370000051";0;11.28;0.67;NA;NA;NA
"370000085";0;15.07;16.93;17.59;24.71;20.35
"370000085";1;15.79;19.23;42.86;42.11;40
"370000093";0;2.43;28.12;31.13;28.06;26.08
"370000093";1;3.7;47.46;47.73;33.33;49.02
"370000879";0;26.13;40.77;40;34.18;28.26
"370000879";1;25;50;100;75;100
"370000903";0;43.55;33.8;33.33;48.24;47.71
"370004467";0;38.19;40.44;44.95;36.29;36.97
"370004467";1;57.69;42.42;66.67;33.33;23.53
"370007569";0;37.5;27.32;26.71;30.45;31.7
"370007569";1;89.66;85.21;84.07;50;52
"380000034";0;25.68;31.48;43.55;36.14;52.94
"380000034";1;36.36;56.52;68.18;70.59;57.14
"380000067";0;36.62;34.21;45;34.18;28.57
"380000067";1;48.15;55.56;73.68;54.55;47.37
"380000174";0;31.51;33.33;33.7;39.6;28.45
"380000174";1;32.14;33.33;83.33;60;53.85
"380000406";0;60;57.35;65;48.72;52.86
"380000406";1;50;42.86;85.71;85.71;69.23
"380012658";0;25.61;25;19.18;22.53;16.67
"380012658";1;52.17;41.67;50;37.84;53.85
"380780197";0;36.93;46.83;35.24;38.18;32.96
"380780197";1;63.1;65.85;60;60.42;58.62
"380780270";0;16.08;10.53;NA;NA;NA
"380780270";1;100;NA;NA;NA;NA
"380780288";0;46.27;44.55;39.11;34.62;31.45
"380780288";1;60;83.33;31.58;61.9;54.17
"380781450";0;20.55;23.53;NA;NA;NA
"380781450";1;50;100;NA;NA;NA
"380782722";0;29.39;25.86;26.72;29.86;30.87
"380782722";1;46.58;33.07;43.82;40.74;42.31
"380785956";0;23.31;19.95;17.23;17.76;14.71
"380785956";1;42.47;42.19;38.3;56.52;23.53
"380786442";0;11.05;9.87;9.65;11.05;9.32
"380786442";1;36;19.05;18.18;50;36.36
"390000040";0;33.33;35.93;32.18;21.26;29.01
"390000040";1;60.87;87.5;57.14;40;47.06
"390000065";0;60.56;58.11;64.41;58.33;NA
"390000065";1;57.14;66.67;100;50;NA
"390000222";0;22.89;33.64;33.33;17.92;21.1
"390000222";1;50;40;66.67;24;30.43
"390780559";0;31.72;37.25;35.98;34.98;32.86
"390780559";1;60;25;40;50;58.33
"390780575";0;29.19;28.88;23.37;21.24;18.42
"390780575";1;80;33.33;22.22;36.36;58.33
"400000105";0;82.29;81.42;62.07;42.96;47.01
"400000105";1;100;100;81.82;66.67;50
"400000139";0;48.47;45.79;44.5;37.67;42.68
"400000139";1;64.1;40.54;41.03;41.67;57.14
"400780284";0;63.58;57.38;NA;NA;NA
"400780284";1;76.19;90;NA;NA;NA
"400780359";0;37.1;30.38;32.07;32.31;28.7
"400780359";1;73.53;57.58;50;57.14;69.23
"400782769";0;36.36;43.86;47.89;19.05;40.38
"400782769";1;37.5;33.33;100;42.86;33.33
"410000020";0;59.5;41.53;35.05;29.64;26.96
"410000020";1;73.68;62.16;45.1;37.78;50
"410000046";0;40.91;36.84;14.29;41.03;25
"410000046";1;16.67;12.5;12.5;71.43;58.33
"410000202";0;35.61;38.66;32.51;32.44;35.57
"410000202";1;47.06;40;72.73;25;50
"410004998";0;39.41;29.63;NA;NA;26.64
"410004998";1;47.22;41.73;NA;NA;49.12
"420000010";0;50.78;53.37;49.65;59.33;54.44
"420000010";1;79.17;48;60.61;77.78;60
"420000226";0;47.66;58.1;45;52.94;63.21
"420000226";1;66.67;50;85.71;77.78;77.78
"420000234";0;38.46;31.58;76.92;52.94;66.67
"420000234";1;33.33;25;50;75;57.14
"420000440";1;100;NA;NA;NA;NA
"420010050";0;47.23;48.08;51.76;48.51;47.34
"420010050";1;69.47;67.07;68.83;75.32;73.86
"420011413";0;42.19;40.83;39.17;45.92;40.78
"420011413";1;84.21;84.62;76.92;56.52;50
"420780504";0;48.78;42.86;30.47;25.33;37.89
"420780504";1;65;45.45;57.14;50;50
"420780637";0;54.29;56.9;66.67;78.57;74.23
"420780637";1;71.43;87.5;95;75;100
"420782310";0;42.64;43.64;37.37;39.02;37.01
"420782310";1;53.49;62.5;62.5;63.16;23.81
"420785354";0;48.86;51.39;46.63;50.27;50.13
"420785354";1;70.73;65.12;64.29;73.91;75
"430000109";0;23.38;27.27;15.12;31.9;42.65
"430000109";1;41.18;50;46.15;27.78;50
"430000117";0;47.83;54.62;52.45;49.71;57.53
"430000117";1;63.16;26.09;68.09;43.75;60
"430000190";0;70.11;62.22;55.32;50.41;42.42
"430000190";1;58.33;53.85;66.67;68.75;84.62
"440000016";0;19.93;16.9;9.01;12.31;12.01
"440000016";1;40;30.77;40.91;30.43;35.71
"440000271";0;48.16;45.62;35.41;26.98;28.16
"440000271";1;45.28;48.33;37.5;45.83;53.85
"440000396";0;25;41.67;20.37;25;15.38
"440000396";1;38.89;55.56;30;NA;62.5
"440000404";0;29.51;27.52;11.67;14.9;15.12
"440000404";1;61.11;26.32;33.33;20.83;28
"440000412";0;29.89;24.76;26.71;20;24.9
"440000412";1;63.64;50;50;75;50
"440002020";0;13.39;5.6;3.25;3.68;7
"440002020";1;40;50;33.33;14.29;45.45
"440017598";1;50;NA;NA;NA;NA
"440024982";0;42.15;38.16;37.82;33.41;NA
"440024982";1;63.16;81.82;70;36.36;NA
"440029379";0;44.42;35.19;27.49;30.08;27.57
"440029379";1;65;67.86;48.84;73.08;68.18
"440033819";0;28.87;27.25;29.46;25.71;22.99
"440033819";1;66;61.86;48.98;66;43.33
"440041580";0;35.86;29.74;24.46;24.25;26.36
"440041580";1;52.83;51.67;53.03;48.39;58.7
"450000062";0;30.14;17.12;20.8;39.74;57.47
"450000062";1;25;36.36;23.08;28.57;66.67
"450000237";0;19.01;16.07;12.09;4;36.99
"450000237";1;50;33.33;40;NA;33.33
"450000245";0;27.87;24.63;27.19;25.1;24.34
"450000245";1;42.11;42.31;39.13;51.52;45.83
"450002613";0;37.93;25.82;13.72;9.91;33.64
"450002613";1;39.29;53.57;45.45;27.27;45.45
"450010079";0;46.72;36.49;37.17;32.78;35.43
"450010079";1;56.9;52;63.46;54.67;41.67
"450012968";0;33.06;37.98;36.33;34.53;35.94
"450012968";1;46.15;55.56;73.08;68.97;71.43
"460000045";0;59.13;47.66;47.79;42.5;48.33
"460000045";1;60;71.43;65;55.56;62.5
"460000110";0;47.57;44.54;48.03;40.88;43.85
"460000110";1;66.67;64.71;54.55;37.5;59.26
"470000027";0;50.81;49.28;46.36;54.2;53.94
"470000027";1;72.73;57.69;61.54;86.67;77.78
"470000423";0;25.96;14.03;6.49;20.91;22.32
"470000423";1;44.44;53.33;50;60;50
"470000480";0;53.82;47.47;36.42;31.47;32.41
"470000480";1;84.21;58.82;40;64.29;46.15
"470016049";0;35.44;45.87;51.06;44.68;55.43
"470016049";1;44.44;88.89;57.14;40;37.5
"480000017";0;60.22;56.22;40.76;32.94;10.91
"480000017";1;77.78;100;50;50;NA
"480002948";0;41.18;23.53;44.83;32;46.15
"480002948";1;66.67;NA;100;25;71.43
"490000049";0;26.14;25.77;25.83;17.48;11.49
"490000049";1;45.68;56.18;56.16;57.14;30.77
"490000635";0;56.57;52.68;34.69;35.48;40
"490000635";1;84.62;45.45;48.57;61.7;59.26
"490002037";0;26.52;28.19;22.41;19.35;22.15
"490002037";1;48.08;36;47.83;60.61;90
"490007929";0;23.05;22.92;19.62;19.82;23.8
"490007929";1;56.25;29.41;52.63;22.22;47.06
"490014909";0;18.05;15.97;17.54;12.86;13.28
"490014909";1;37.04;36.36;38.46;50;46.67
"490015906";0;19.78;13.87;9.96;10.17;11.24
"490015906";1;32.5;45.1;34.15;8.33;36.84
"500000021";0;48.21;47.73;32.65;43.86;32
"500000021";1;50;61.54;60;71.43;72.73
"500000146";0;47.24;38.89;35.84;31.9;34.88
"500000146";1;65.85;56.82;40.24;48.78;73.33
"500000187";0;58.23;64.84;62.22;51.96;46.94
"500000187";1;76;70;73.68;66.67;75
"500000203";0;29.93;32.5;28.43;27;31.79
"500000203";1;55;84.21;64.29;27.27;78.57
"500000401";0;34.36;33.47;34.54;28.12;25.86
"500000401";1;32;50;54.55;30.43;47.06
"500000450";0;44.44;36.84;34.78;31.82;26.32
"500000450";1;55.56;80;22.22;50;70
"500002357";0;90.91;86.85;91.49;87.5;86.49
"500002357";1;100;91.67;100;91.67;87.5
"510000169";0;30.91;23.42;25;19.78;28
"510000169";1;50;33.33;66.67;NA;25
"510000185";0;30.83;27.24;22.78;20.48;21.61
"510000185";1;52.08;56.86;51.02;43.96;53.85
"510000193";0;29.09;32.56;35.1;20.43;NA
"510000193";1;66.67;43.75;34.04;35.71;NA
"510000227";0;42.76;42.24;31.88;33.03;6.67
"510000227";1;40;50;40;100;NA
"510000235";0;26.67;39.13;9.09;33.33;33.33
"510000235";1;100;100;NA;100;50
"510000243";0;24;18.91;20.29;17.47;15.1
"510000243";1;42.86;44.44;50;38.89;40
"510004302";0;27.06;31.8;27.38;29.19;27.95
"510004302";1;30;58.33;25;40;40
"510012040";0;41.99;44.44;48;33.33;NA
"510012040";1;63.64;42.86;33.33;100;NA
"520000027";0;40;44.57;32.86;NA;NA
"520000027";1;30;55.56;NA;NA;NA
"520000068";0;46.53;32.63;5.88;28.21;53.97
"520000068";1;75;20;92.86;83.33;82.86
"520780156";0;30.03;21.22;25.47;NA;NA
"520780156";1;65;21.05;45.45;NA;NA
"520780180";0;25.61;21.21;33.33;22.22;31.67
"520780180";1;52.17;50;NA;100;50
"520780214";0;1.52;4.08;10.34;NA;NA
"520780214";1;10;28.57;20;NA;NA
"530000017";0;10.68;8.93;14.16;7.29;5.31
"530000017";1;16.67;50;22.22;50;100
"530000173";0;9.92;6;5.16;5.31;9.6
"530000173";1;16.67;16.67;14.29;25;50
"530000264";0;21.05;17.39;9.26;12.5;14.29
"530000264";1;75;25;26.32;16.67;57.14
"530031962";0;25.38;26.55;23.79;27.69;25.81
"530031962";1;60.71;61.54;68.75;55.56;61.54
"540000023";0;33.85;45.61;45.45;45.95;44.19
"540000023";1;68.75;87.5;70.59;75;50
"540000155";0;58.33;45.45;85.71;66.67;66.67
"540000155";1;75;NA;100;100;NA
"540000163";0;28.95;27.51;26.21;28.66;33.06
"540000163";1;33.85;38.18;44;54.55;48.39
"540000361";0;44.93;36.59;38.46;32.45;33.52
"540000361";1;53.33;65;66.67;54.55;54.55
"540000452";0;15.04;9.78;9.52;7.04;10.37
"540000452";1;32.14;29.17;52.94;18.75;31.82
"540000478";0;22.62;23.65;24.93;28.74;23.59
"540000478";1;44.44;52;36.84;56.52;53.85
"540000486";0;17.4;20.66;22.06;24;24.56
"540000486";1;35.82;42.59;37.5;45.45;50
"540001070";0;36.07;34.78;52.5;40.43;7.89
"540001070";1;50;60;60;50;57.14
"540001096";0;33.33;16.67;7.14;30.77;32.43
"540001138";0;53.33;45.61;45.45;NA;66.67
"540001138";1;64.29;78.95;76.92;NA;33.33
"550000012";0;26.88;23.26;18.28;59.2;63.37
"550000012";1;49.43;43.14;40.43;60.94;64.71
"550000178";0;14.22;15.2;19.65;22.98;24.47
"550000178";1;31.91;32.91;31.58;35.94;32.84
"560000127";0;33.93;27.43;20.96;12.53;5.62
"560000127";1;56.41;50;47.83;45.45;53.49
"560000135";0;21.31;43.48;25.45;28.33;19.72
"560000135";1;83.33;81.82;60;66.67;100
"560000143";0;55.56;31.58;29.63;36.67;20.69
"560000143";1;71.43;23.08;25;71.43;25
"560000192";0;2.02;11.61;15.65;11.18;14.43
"560000192";1;11.84;22.22;42.5;44.44;61.76
"560002511";0;28.14;27.08;32.05;27.79;29.55
"560002511";1;56.52;76;72.22;66.67;50
"560002933";0;39.59;33.25;30.68;26.84;28.18
"560002933";1;52.94;63.33;65.85;58.33;69.23
"560007510";0;44.99;48.07;44.5;40.05;40.49
"560007510";1;78.26;70.83;61.54;61.11;68
"560008799";0;18.22;15.9;17.23;12.94;13.75
"560008799";1;37.25;40;32.43;42.86;50
"570000059";0;39.13;36.36;45.83;48.28;56.52
"570000059";1;33.33;NA;57.14;100;80
"570000083";0;40.99;32.62;30.74;23.61;27.93
"570000083";1;55.56;76.92;55.77;57.69;52
"570000117";0;52.57;52.51;50.51;45.18;51.3
"570000117";1;84.62;75;73.33;85.19;89.13
"570000216";0;41.86;37.93;45.71;42.86;39.13
"570000216";1;83.33;62.5;80;50;35.29
"570000349";0;64.86;23.53;36.59;25.93;28.26
"570000349";1;100;66.67;33.33;60;60
"570000356";0;29.35;16.94;21.7;19.46;29.88
"570000356";1;44.9;38.46;48.48;71.05;55.88
"570000364";0;2.86;1.6;1.76;1.05;0.79
"570000364";1;20.83;NA;14.29;NA;NA
"570000596";0;20;NA;NA;NA;NA
"570000646";0;13.49;12;5.95;13.27;15.23
"570000646";1;30;40;18.18;23.08;21.43
"570000901";0;70;65.38;66.67;61.54;71.43
"570001057";0;22.94;20.59;16.87;18.2;17.3
"570001057";1;28.06;25.95;25;30.08;29.37
"570026682";0;35.85;41.5;24.71;27.32;24.14
"570026682";1;50;43.75;50;26.32;39.39
"580780138";0;6.62;15.9;18.66;15.81;18.48
"580780138";1;18.33;31.25;38.46;16.67;59.09
"580780195";0;33.96;25;30.56;46.43;30
"580780195";1;55.56;34.38;51.52;22.22;NA
"580972685";0;14.29;40;50;33.33;NA
"580972685";1;50;50;66.67;100;100
"580972693";0;62.07;68.6;52.75;52.38;46.99
"580972693";1;64.71;91.3;65.52;76.92;69.23
"590000121";0;71.79;54.88;41.79;29.79;28.89
"590000121";1;66.67;85.71;60;50;91.67
"590000337";0;58.24;57.08;50.63;50.18;53.77
"590000337";1;54;79.31;61.54;60.98;59.26
"590000428";0;27.27;27.27;38.64;27.43;12.2
"590000428";1;100;37.5;55.56;60;63.64
"590000535";0;47.83;66.67;50;44;38.24
"590000535";1;100;71.43;66.67;100;50
"590000592";0;21.88;21.2;19.77;23.55;24.18
"590000592";1;55.17;60;39.39;56.25;51.43
"590000618";0;46.05;43.86;43.3;36.71;38.21
"590000618";1;70.59;75;58.14;54.55;64.94
"590000758";0;13.04;4.69;26.09;26.09;15.19
"590000758";1;31.03;42.11;30.77;40;41.67
"590000774";0;15.09;16.42;13.64;19.23;14.58
"590000774";1;42.86;16.67;25;14.29;33.33
"590001004";0;26.29;22.16;17.06;16.45;15.25
"590001004";1;44.44;35.71;30;NA;27.78
"590006896";0;35.47;27.81;26.21;28.43;27.84
"590006896";1;47.83;27.27;22.22;33.33;58.33
"590008041";0;12.5;25;NA;38.46;26.32
"590008041";1;25;50;100;NA;NA
"590052056";0;22.58;39.02;33.33;35.19;20.31
"590052056";1;33.33;33.33;58.33;42.86;25
"590780250";0;12.75;13.89;13.13;15.67;20.35
"590780250";1;28.57;17.65;14.29;42.86;50
"590780268";0;100;NA;100;NA;NA
"590780268";1;100;NA;NA;NA;NA
"590780284";0;33.12;25.53;27.59;28.67;26.58
"590780284";1;27.78;17.86;27.03;37.93;50
"590780383";0;51.99;44.68;42.89;35.76;40.47
"590780383";1;75;73.33;54.55;68.97;63.83
"590781571";0;24.33;17.27;16.36;17.66;18.67
"590781571";1;49.37;35.71;40.35;33.65;41.43
"590781951";0;31.02;28.26;25.84;25.04;24.75
"590781951";1;57.27;58.25;46.67;58.62;45.45
"590782298";0;34.16;29.82;29.06;26.68;26.98
"590782298";1;63.38;64;56.76;61.36;58.73
"590782553";0;49.4;50;51.69;43.7;38.3
"590782553";1;60;60;50;83.33;57.89
"590790655";0;42.86;32.65;35.09;32.56;34.83
"590790655";1;40;40;80;33.33;44.44
"590796975";0;20.54;20.89;19.94;17.59;8.51
"590796975";1;41.38;44.12;40.43;40;17.31
"590797353";0;34.09;50.85;32.14;39.39;28.17
"590797353";1;53.33;58.33;43.75;33.33;36.36
"590801106";0;1.79;2.94;14.29;29.66;41.29
"590801106";1;46.43;44.44;47.79;35.71;53.33
"590804696";0;46.45;47.75;41.9;45.79;49.55
"590804696";1;60;46.67;55.56;50;62.07
"590811279";1;100;NA;NA;NA;NA
"590813176";0;23.81;21.43;35.29;31.25;7.69
"590813176";1;33.33;66.67;NA;25;25
"590813382";0;37.31;38.03;43.09;48.65;40.32
"590813382";1;37.5;33.33;46.67;33.33;45.83
"590813507";0;33.19;44.7;40.54;38.28;37.44
"590813507";1;25;54.55;62.5;80;50
"590815056";0;55.36;39.32;34.57;34.27;37.88
"590815056";1;77.27;75;66.67;75;83.33
"590816310";0;11.84;10.88;14.77;10.39;9.48
"590816310";1;21.43;30;14.29;25;NA
"600000186";0;23.08;50;34.78;56.52;50
"600000194";0;48.98;52.38;50.75;59.02;56.92
"600000194";1;100;66.67;100;50;85.71
"600000467";0;52;59.46;45.12;56.72;41.57
"600000467";1;100;100;50;NA;44.44
"600010862";0;47.66;49.77;42.77;31.83;31.57
"600010862";1;87.5;87.5;72.73;50;66.67
"600100168";0;31.11;38.27;37.04;19.3;23.53
"600100168";1;83.33;66.67;50;NA;NA
"600100754";0;14.62;4.55;2.42;1.04;0.88
"600100754";1;30.56;17.19;5.71;6.25;18.18
"600110175";0;42.68;38.55;25.57;29;16.74
"600110175";1;83.33;62.5;66.67;57.14;100
"600113476";0;28.29;26.53;25.37;14.81;8.93
"600113476";1;41.67;36.59;26.09;19.05;42.86
"610000044";0;37.5;20;28.57;53.85;33.33
"610000044";1;62.5;100;50;60;62.5
"610000051";0;17.33;33.6;19.42;28.26;36.27
"610000051";1;29.41;57.14;48.39;42.86;45.45
"610000069";0;8.62;5.8;10.39;20;35.24
"610000069";1;33.33;9.52;36.36;26.09;62.5
"610000119";0;60.47;57.78;62.05;55.4;59.53
"610000119";1;76.92;84.62;82.5;66;63.64
"610006421";0;54.75;46.5;46.31;47.56;59.59
"610006421";1;84.21;69.23;70.59;75;80
"610780199";0;48.13;47.15;75.68;77.78;NA
"610780199";1;95;76.92;100;NA;NA
"620000026";0;78.74;77.98;79.28;75.21;54
"620000026";1;92.59;89.19;95.24;84.62;80.39
"620000034";0;28.57;28.8;17.59;22.83;30.51
"620000034";1;60;33.33;33.33;28.57;25
"620000224";0;30.1;23.23;24.75;24;27.35
"620000224";1;59.09;33.33;57.14;50;33.33
"620000257";0;24.73;28.42;18.89;16.47;16.22
"620000257";1;42.11;55.56;50;33.33;37.5
"620000323";0;34.78;33.33;24.53;50;30.26
"620000323";1;50;NA;16.67;NA;16.67
"620000349";0;64.29;63.89;52.11;68.49;57.02
"620000349";1;60;76.92;75;81.82;81.25
"620000653";0;17.48;8.39;21.3;15.38;10.88
"620000653";1;33.33;44.44;50;35.29;55
"620003202";0;50;33.33;38.71;26.32;42.5
"620003202";1;100;NA;50;100;40
"620003376";0;30.81;28.91;19.92;13.45;15.72
"620003376";1;48;59.38;40.91;35.62;41.76
"620006049";0;35.85;30.49;34.96;37.68;34.96
"620006049";1;48.46;32.71;46.43;45.98;51.35
"620025346";0;33.49;35.23;28.16;23.73;26.2
"620025346";1;66.67;60.87;57.69;63.16;47.37
"620100099";0;22.17;20.8;24.8;24.36;24.72
"620100099";1;35;57.89;50;44.44;58.33
"620100487";0;51.81;52.81;45.81;41.86;40
"620100487";1;65.71;62;56;39.47;50
"620100735";0;33.81;30.11;22.73;29.67;29.34
"620100735";1;50;51.85;50;45;57.14
"620101311";0;26.2;32.59;29.93;19.14;21.05
"620101311";1;52.27;63.33;64.58;35.56;51.72
"620101501";0;7.11;7.86;4.48;4.36;3.17
"620105940";0;32.17;34.41;28.36;46.97;NA
"620106088";0;23.28;9.41;NA;NA;NA
"620106088";1;50;100;NA;NA;NA
"620118513";0;16.75;7.3;16.23;19.1;27.46
"620118513";1;50;20;20;42.86;28.57
"630000404";0;24.81;6.79;5.41;18.42;13.2
"630000404";1;43.24;11.11;18.52;8.33;36.36
"630000420";0;19.05;38.46;59.38;55.56;21.62
"630000438";0;38.89;52.38;30.43;33.33;13.33
"630000438";1;50;50;40;50;40
"630000446";0;18.18;5.77;23.81;11.69;16.25
"630000446";1;40;33.33;NA;28.57;50
"630780211";0;32.71;25.82;26.08;26.57;32.36
"630780211";1;52.94;44;36.84;57.45;59.62
"630781839";0;24.14;21.35;13.18;22.95;23.7
"630781839";1;51.92;46.34;25.49;48.61;55.56
"640000162";0;44.93;46.94;45.19;43.65;41.33
"640000162";1;38.89;69.57;65.62;65;80
"640000410";0;31.03;42.86;60;41.26;33.73
"640000410";1;83.33;100;NA;80;50
"640000600";0;69.76;32.97;19.88;21.32;16.21
"640000600";1;76.92;40;24;18.75;35.9
"640017646";0;57.5;56.64;40.44;52.53;53.54
"640017646";1;42.86;50;33.33;37.5;53.85
"640018206";0;24.45;25.31;23.29;26.88;27.01
"640018206";1;20;50;50;55.17;56.67
"640780490";0;33.65;35.62;39.57;40.47;39.66
"640780490";1;70.59;38.46;42.86;42.86;33.33
"640780748";0;17.65;33.33;30.43;31.9;25
"640780748";1;40;30;61.54;66.67;58.82
"640780789";0;31.44;NA;NA;NA;NA
"640780789";1;25;NA;NA;NA;NA
"640780938";0;48.29;44.87;32.27;35.91;37.11
"640780938";1;63.16;53.85;55.56;71.43;100
"640780946";0;28.49;37.5;31.33;36.31;46.51
"640780946";1;60;66.67;82.35;85.71;83.33
"640780987";0;27.08;46.15;35.53;35.96;23.68
"640780987";1;20;58.33;41.67;23.08;25
"650000045";0;53.33;46.3;57.38;75.51;52.54
"650000045";1;88.89;71.43;100;100;100
"650000417";0;48;61.54;52;53.66;29.73
"650000417";1;80;100;66.67;100;50
"650002579";0;24;23.61;13.69;13.94;22.59
"650002579";1;50;72.73;39.13;42.86;39.13
"650784218";0;45.24;28.3;46.48;46.95;42.62
"650784218";1;33.33;50;16.67;100;NA
"660000084";0;55.56;71.62;59.52;51.35;51.69
"660000084";1;71.43;NA;33.33;66.67;80
"660006305";0;43.86;38.13;41.16;34.89;36.36
"660006305";1;62.96;45.45;60;41.18;70
"660780628";0;40;51.02;28;62.5;86.67
"660780628";1;57.14;60;50;100;33.33
"660780776";0;47.5;42.86;51.28;50;40.35
"660780776";1;58.06;60.87;40;84.62;46.15
"660780784";0;44.83;51.5;43.72;48.85;44.75
"660780784";1;72.73;80;42.86;66.67;66.67
"660790387";0;45.95;43.61;42.31;33.49;27.11
"660790387";1;70.59;50;60;59.26;36.36
"670000025";0;50;NA;NA;NA;NA
"670000157";0;2.72;1.28;3.19;4.63;4.32
"670000157";1;8.33;7.14;25;20;50
"670000165";0;61.88;61.54;54.74;42.65;54.6
"670000165";1;50;87.5;77.78;46.67;70
"670000272";0;43.33;40.32;36.17;52.63;55.56
"670000272";1;27.27;90;66.67;100;75
"670000397";0;30.86;28.07;32.4;43.4;60.34
"670000397";1;75;72.73;70.59;42.86;64.29
"670009109";0;19.01;7.42;2.94;17.21;13.33
"670009109";1;25.81;21.05;NA;42.86;NA
"670016237";0;21.78;19.46;19.46;NA;NA
"670016237";1;28.57;43.75;66.67;NA;NA
"670780162";0;25;25.5;NA;NA;NA
"670780162";1;65.85;31.25;NA;NA;NA
"670780170";0;33.91;32.11;33.75;32.61;29.31
"670780170";1;55.07;52.38;76;73.33;72.41
"670780212";0;42.86;26.09;20.83;6.52;17.65
"670780212";1;100;100;NA;NA;100
"670780378";0;31.02;30.77;27.7;27.75;19.92
"670780378";1;85.71;83.33;NA;100;25
"670780386";0;13.77;13.12;13.08;7.83;14.18
"670780386";1;21.43;50;75;100;80
"670783273";0;19.15;18.14;16.15;15.22;10.84
"670783273";1;31.43;20;47.37;47.83;41.38
"680000320";0;31.58;35.56;26.2;19.83;20.94
"680000320";1;64.71;60;40;29.17;41.67
"680000494";0;10.34;9.41;9.76;12.89;5.01
"680000494";1;26.92;13.64;23.53;12.5;5.26
"680000544";0;45.33;43.68;43.96;47.5;54.55
"680000544";1;81.82;100;50;NA;100
"680000601";0;74.07;64;44.44;NA;NA
"680000601";1;33.33;100;66.67;NA;NA
"680000684";0;34.63;35.6;30.55;44.29;37.84
"680000684";1;65.22;56.76;58.54;61.67;64.81
"680001195";0;34.97;30.13;33.92;32.75;43.64
"680001195";1;72.73;66.67;70;62.5;70
"680004546";0;70.35;67.86;58.67;56.79;56.46
"680004546";1;81.48;95.24;65.52;81.58;68.97
"680020088";0;31.64;37.74;40.98;21.43;27.63
"680020088";1;60;NA;50;NA;50
"690000427";0;60.42;70.73;60;47.27;50.91
"690000427";1;80;50;100;NA;NA
"690000575";0;57.64;50.4;38.25;32.58;38.32
"690000575";1;58.06;75;57.14;71.43;66.67
"690023239";0;40.06;36.2;29.33;19.1;26.32
"690023239";1;50.88;58.62;46.43;45.45;53.85
"690023411";0;39.3;36.18;36.41;31.69;31.38
"690023411";1;52.94;62.86;63.41;51.85;53.33
"690780093";0;42.56;21.43;17.78;16.67;NA
"690780093";1;66.67;50;50;NA;NA
"690780200";0;55.36;59.84;50.83;61.22;NA
"690780200";1;58.82;90.91;100;NA;NA
"690780259";0;42.52;45.53;40.35;34.75;44.48
"690780259";1;66.67;80;50;33.33;75
"690780358";0;21.13;11.11;7.83;19.49;19.32
"690780358";1;36.36;55.56;33.33;33.33;80
"690780366";0;41.52;44.85;44.24;38.48;40.72
"690780366";1;61.11;52.94;72.73;58.33;75
"690780382";0;53.45;52;51.72;29.31;NA
"690780382";1;100;100;66.67;100;NA
"690780390";0;46.15;50;26.92;30;26.74
"690780390";1;57.14;66.67;75;33.33;83.33
"690780416";0;58.33;51.06;NA;8.2;13.64
"690780416";1;22.22;100;NA;NA;NA
"690780648";0;20.79;22.9;24.77;21;17.31
"690780648";1;66.67;54.55;63.64;60;33.33
"690780655";0;59.22;58.67;46.46;48.46;46.67
"690780655";1;76.47;78.57;62.5;62.5;83.33
"690780663";0;16.58;33.63;26.95;29.28;33.73
"690780663";1;44.44;58.33;55.56;56.25;77.78
"690781836";0;57.89;47.78;38.04;42.86;NA
"690781836";1;46.15;76.19;38.46;33.33;NA
"690782834";0;40;33.33;25.23;57.61;NA
"690782834";1;29.41;44.44;28.57;55.56;NA
"690783154";0;49.77;59.81;47.64;38.16;33.82
"690783154";1;45;50;53.33;30.77;60
"690784137";0;44.1;51.21;47.69;38.44;35.42
"690784137";1;74.07;77.42;62.5;45.45;58.33
"690784152";0;65.04;61.03;45.11;43.84;51.17
"690784152";1;87.5;71.43;64.71;54.17;63.64
"690787460";1;100;NA;NA;NA;NA
"690793468";0;30.19;30.7;26.15;32.12;36.42
"690793468";1;38.1;51.72;43.48;57.14;63.64
"690805361";0;50;51.67;40;46.3;28.85
"690807367";0;43.61;30.71;30.47;39.67;37.8
"690807367";1;75.61;60;66.67;62.86;45.45
"700000029";0;30.99;27.17;35.71;23.84;14.61
"700000029";1;100;57.14;53.85;50;41.67
"700780174";0;53.3;33.16;36.21;38.71;38.65
"700780174";1;60;47.31;38.71;50.7;57.14
"710006859";0;26.71;23.41;26.38;22.84;23.61
"710006859";1;50;44.44;63.64;37.5;50
"710010067";0;47.28;45.63;45.45;36.44;31.91
"710010067";1;63.16;50;38.89;56;56.67
"710780917";0;20.22;26.44;16.67;29.76;25.32
"710780917";1;52.94;38.46;71.43;57.14;25
"710781410";0;34.05;30.87;23.92;23.87;19.32
"710781410";1;47.06;56.36;41.67;51.72;54.55
"710781824";0;40.15;39.04;41.47;36.57;38.77
"710781824";1;65.15;69.05;68.63;58.33;52.63
"710978263";0;43.43;40.91;28.57;34.91;32.66
"710978263";1;70.59;70.83;67.74;65.52;68.97
"710978289";0;44.58;30.13;32.64;30.86;36.84
"710978289";1;62.5;55.56;48.15;53.12;45.1
"710978313";0;50.56;41.57;51.06;38.89;NA
"710978313";1;50;37.5;16.67;100;NA
"720000033";0;31.12;30.25;29.63;29.34;26.52
"720000033";1;70;50.94;69.57;56.41;64.71
"720000199";0;27.46;24.77;22.31;24.36;24.49
"720000199";1;50;37.14;65.91;55.56;49.35
"720000470";1;100;NA;NA;NA;NA
"720001437";0;11.76;26.23;23.26;13.51;25.58
"720001437";1;21.43;80;42.86;14.29;27.27
"720016179";0;31.3;28.21;28.03;35.59;28.39
"720016179";1;60;61.11;64.29;60;59.09
"720017748";0;24.11;25.07;21.73;23.56;22.01
"720017748";1;45.59;35.21;52.63;48.48;34.38
"730000031";0;33.9;29.03;26.37;28.3;23.3
"730000031";1;70.21;60;62.07;53.19;40.82
"730000080";0;87.5;81.16;76.47;76.92;79.31
"730000080";1;83.33;66.67;80;66.67;100
"730000247";0;22.22;28.57;22.08;16.67;17.33
"730000247";1;71.43;64.29;36.67;36.36;68.75
"730000262";0;42.27;55.42;52.56;58.18;43.18
"730000262";1;64.29;80;66.67;61.54;85.71
"730004298";0;27.63;27.66;24.96;23.9;30.37
"730004298";1;45.16;62.5;42.86;65.38;65.96
"730780459";0;33.07;30.77;20.36;NA;NA
"730780459";1;62.96;36.84;66.67;NA;NA
"740000237";0;52.79;54.37;51.88;50;43.4
"740000237";1;81.25;79.31;68;56.52;71.88
"740000302";0;46.67;65;47.06;18.18;100
"740000302";1;100;25;100;100;NA
"740000328";0;1.44;2.59;9.23;2.02;NA
"740014345";0;42.41;44.02;38.26;37.18;41.81
"740014345";1;67.74;56.67;55.56;57.58;53.85
"740780416";0;48.64;45.78;37.12;34.06;41.37
"740780416";1;63.33;69.05;60.47;55;69.23
"740780424";0;30.15;31.52;29.52;25.3;23.13
"740780424";1;63.64;54.17;57.89;30.77;60
"740781141";0;53.93;48.65;46.51;38.67;35.59
"740781141";1;74.19;50;60;80;76.47
"740781224";0;64.52;60;54.93;64.18;61.7
"740781224";1;70;75;75;50;72.73
"750000523";0;35.07;29.55;34.11;25.16;25.71
"750000523";1;50;48.15;68;52.17;48.15
"750100042";0;13.73;14.98;34.94;37.45;45.67
"750100042";1;20;21.21;39.13;63.64;50
"750100091";0;72.07;74.05;72.03;62.5;72.57
"750100091";1;85.71;83.33;62.5;69.23;60
"750100125";0;56.58;53.21;51.82;44.87;49.86
"750100125";1;55;44.44;71.43;46.15;85.71
"750100166";0;41.9;43.66;23.79;21.91;55.79
"750100166";1;48.84;51.85;9.09;36.36;54.76
"750150104";0;42.47;40.26;32.88;24.81;28.11
"750150104";1;47.3;43.75;32.84;26.15;36.07
"750150237";0;32.67;29.96;27.31;26.27;26.77
"750150237";1;67.57;50;70;64.71;60.87
"750300071";0;37.79;39.9;43.58;39.39;34.86
"750300071";1;40.91;48.15;46.15;60;75
"750300089";0;23.12;23.11;26.7;27.52;26.26
"750300089";1;66.67;90;58.33;100;37.5
"750300121";0;36.36;31.8;19.34;6.76;NA
"750300121";1;39.13;35.29;6.67;8.7;NA
"750300139";0;7.69;28;32.14;4.55;NA
"750300154";0;50;39.39;28.21;26.36;32.5
"750300154";1;35.71;42.86;NA;44.44;33.33
"750300360";0;53.85;56.63;68.18;64.71;63.49
"750300360";1;100;100;50;100;NA
"750300410";0;100;20;33.33;16.67;50
"750300493";0;26.23;26.36;24.73;20.99;22.14
"750300493";1;47.96;55.71;34.31;40.91;38.71
"750300592";0;36.36;35.48;43.18;40;35.48
"750300592";1;60;50;NA;100;33.33
"750300766";0;3.8;2.44;3.23;8.7;14.79
"750300766";1;20;25;100;NA;20
"750300774";0;33.82;32.64;33.02;37.31;33.67
"750300774";1;13.33;40;42.86;38.89;35.71
"750300857";0;47.83;34.92;44.93;44.29;41.67
"750300857";1;50;50;20;63.64;66.67
"750300915";0;65.88;73.96;60.45;64.23;68.06
"750300915";1;77.78;57.14;83.33;42.86;75
"750301137";0;24.26;45.68;44.7;38.93;35.85
"750301137";1;35.71;71.43;46.15;69.23;50
"750301145";0;67.35;77.14;63.41;68.82;70
"750301145";1;85.71;75;85.71;77.78;83.33
"750301160";0;44.71;38.62;44.84;42.73;41.83
"750301160";1;60.47;48.28;45.71;38.1;92.86
"750803447";0;2.82;NA;2.05;NA;0.9
"750803447";1;15.38;NA;NA;NA;NA
"760000018";0;27.78;25.35;23.08;21.19;24.86
"760000018";1;100;100;37.5;40;50
"760000158";0;13.69;7.66;3.37;4.74;2.27
"760000158";1;28.57;9.52;NA;NA;NA
"760000463";0;36.43;26.21;28.48;23.44;26.55
"760000463";1;72.73;57.14;80;60;62.5
"760021329";0;28.25;30.68;25.9;26.79;23.46
"760021329";1;33.33;50;53.85;40;NA
"760025312";0;15.61;17.08;21.99;17.48;22.82
"760025312";1;12.5;NA;50;28.57;60
"760027292";0;21.94;24.79;16.83;20.73;21.71
"760027292";1;37.5;57.14;50;16.67;NA
"760780510";0;16.65;18.01;19.45;18.9;18.99
"760780510";1;36.07;41.94;29.41;33.33;37.84
"760780619";0;6.85;18.58;19.81;17.44;20
"760780619";1;22.22;13.33;53.33;51.85;57.14
"760780668";0;19.09;32.65;68.42;31.45;NA
"760780783";0;13.33;NA;17.65;NA;9.09
"760780791";0;14.61;13;20;11.72;9.64
"760780791";1;60;25;60;NA;NA
"760805770";0;30.16;30.17;30.77;32.7;30.62
"760805770";1;67.86;58.33;70.83;66.67;59.38
"760921809";0;34.88;30.83;26.18;22.46;27.51
"760921809";1;39.62;47.37;52.33;53.6;46.67
"770000131";0;36.36;20;9.38;25;13.64
"770000131";1;75;50;20;66.67;44.44
"770000149";0;63.41;76.67;65.38;64;55
"770000149";1;85.71;33.33;87.5;75;80
"770000156";0;26.67;30.77;46.43;36.11;29.27
"770000156";1;66.67;14.29;100;33.33;100
"770000164";0;57.14;33.33;30.77;55.56;66.67
"770000172";0;34.38;42.86;53.85;18.75;33.33
"770000172";1;60;57.14;100;40;38.46
"770000446";0;44.65;38.68;32.71;39.84;25.21
"770000446";1;63.64;42.86;60;60;52.94
"770019032";0;55.17;59.52;25;23.68;16.28
"770019032";1;33.33;66.67;75;NA;NA
"770300010";0;27.75;14.16;13.19;13.86;16.81
"770300010";1;40;55.56;100;16.67;25
"770300135";0;28.11;23.08;17.79;17.14;30.97
"770300135";1;37.5;32.43;43.33;29.63;50
"770300143";0;36.82;24.63;34.19;35.04;37.76
"770300143";1;42.11;44.83;35.71;40.62;51.72
"770300192";0;25;18.18;14.58;14.04;6.12
"770300275";0;12.63;11.43;4.44;12.12;17.86
"770300283";0;16.67;4;NA;NA;NA
"770790707";0;48.25;32.23;37.36;30.99;29.05
"770790707";1;47.83;60.87;57.14;67.86;71.43
"770813400";0;51.02;50;37.2;30.43;24.12
"770813400";1;53.33;80.65;65;61.9;90
"780000287";0;62.16;51.85;50;32.35;64
"780000287";1;66.67;NA;62.5;25;66.67
"780000295";0;65.52;58.57;58.52;54.34;54.89
"780000295";1;84.62;78.26;73.81;69.23;71.43
"780000311";0;84.21;72.22;78.57;63.77;76.19
"780000311";1;100;80.77;95;57.14;91.67
"780000329";0;43.48;33.33;43.75;39.29;38.24
"780000329";1;59.26;56.52;61.11;66.67;61.54
"780018727";0;34.29;35.87;44.16;36.21;35.71
"780018727";1;62.5;60;33.33;75;50
"780300125";0;43.08;44.27;47.06;47.13;40.88
"780300125";1;44.44;52.63;33.33;20;76.92
"780300208";0;22.02;43.6;27.03;33.65;49.37
"780300208";1;60;61.11;50;62.5;61.54
"780300323";0;41.31;36.64;37.45;32.5;31.39
"780300323";1;75;30;75;75;37.5
"780300406";0;28.78;37.17;27.71;20.78;23.86
"780300406";1;42.86;60;40;35.71;25
"780300414";0;35.48;28.47;27.04;20.13;40.72
"780300414";1;60;46.15;46.15;60;63.64
"780300422";0;24.9;22.92;29.74;32.19;27.58
"780300422";1;30.77;30;33.33;61.11;56.25
"780300455";0;56.25;43.1;18.12;34.51;48.59
"780800256";0;24.09;24.89;22.25;25.74;36.06
"780800256";1;39.13;55.93;41.94;87.5;78.57
"790000087";0;26.18;18.26;19.52;28;25.14
"790000087";1;37.5;46.67;32.73;39.66;34.69
"790000095";0;28.57;23.74;18.5;22.22;NA
"790000095";1;50;57.14;33.33;NA;NA
"790009948";0;40.66;31.55;28.47;28.7;24.22
"790009948";1;58.46;51.16;48.57;29.17;63.16
"800000143";0;3.45;19.35;14.81;21.05;22.41
"800000143";1;33.33;25;60;70;33.33
"800000432";0;10.26;14.63;10.26;10.53;22.22
"800002503";0;18;18.97;14.72;15.07;13.51
"800002503";1;30.95;34;29.82;43.33;45
"800006124";0;20.19;20.25;23.83;21.5;19.18
"800006124";1;48;40.54;57.89;60;75
"800009466";0;42.77;43.76;42.73;37.58;34.36
"800009466";1;66.67;62.86;71.05;63.64;44.44
"800009920";0;40.34;29.21;31.75;31.56;31.69
"800009920";1;47.83;61.54;20;50;50
"810000224";0;50.31;46.07;39.39;43.59;38.73
"810000224";1;44.44;100;88.89;78.57;50
"810000505";0;39.96;31.37;32.8;33.33;29.37
"810000505";1;50;36.36;58.33;75;71.43
"810000521";0;49.58;44.03;41.79;47.3;45.05
"810000521";1;62.5;46.15;63.16;76.67;72.22
"810101170";0;45.05;43.09;42.62;39.44;43.75
"810101170";1;52.17;55.26;55.56;31.03;66.67
"810101444";0;10.53;23.05;24.78;21.33;20
"810101444";1;25;53.85;35.48;40.38;44.59
"820000032";0;43.63;31.44;34.27;25.83;34.92
"820000032";1;83.33;81.82;37.5;100;62.5
"820000040";0;39.56;28.57;24.77;25;NA
"820000040";1;42.86;36.73;29.03;25;NA
"820000057";0;31.2;30.83;25.07;33.81;34.55
"820000057";1;50;42;22.58;58.33;72
"820000883";0;47.37;40.54;48.62;45.83;48.76
"820000883";1;88.89;45.45;87.5;66.67;71.43
"830000279";0;43.59;45.71;62.22;52.27;28.57
"830000279";1;50;75;60;83.33;54.55
"830000287";0;56.1;55.86;57.3;46.05;37.7
"830000287";1;61.54;76.47;65.52;48.15;56.52
"830000295";0;90.91;60;42.86;75;100
"830000311";0;42.86;40.51;46.24;30.53;37.5
"830000311";1;71.43;50;50;64.29;42.86
"830000345";0;59.46;60;72.34;46.6;65.22
"830000345";1;66.67;50;100;40;50
"830100103";0;44.35;40.65;38.18;28.36;10.97
"830100103";1;67.86;50;51.43;32.26;35.71
"830100251";0;38.26;32.65;31.21;38;29.17
"830100251";1;30;50;75;100;50
"830100319";0;42.98;34.29;31.75;35.14;28.9
"830100319";1;57.89;30.77;44.44;50;63.64
"830100327";0;55.45;43.06;33.98;32.5;27.13
"830100327";1;50;80;50;54.55;20
"830100368";1;31.58;54.55;56.52;25;61.29
"830100392";0;28.57;40.24;40;53.38;43.75
"830100392";1;66.67;80;70;64.71;61.11
"830100418";0;47.06;57.54;41.14;37.54;28.77
"830100418";1;50;66.67;100;66.67;NA
"830100459";0;58.43;53.19;50;36.92;41.43
"830100459";1;50;50;75;42.86;80
"830100475";0;59.59;41.18;38.46;42.03;36.16
"830100475";1;62.2;58.82;42.31;51.06;44
"830100558";0;38.63;34.55;31.93;26.84;26.66
"830100558";1;75;33.33;40;NA;69.23
"830200523";0;54.69;46.88;55.84;42.31;40.14
"830200523";1;31.58;84.21;77.78;50;55.56
"840000285";0;35.29;26.47;30.77;26.53;71.43
"840000285";1;50;40;40;20;NA
"840000327";0;38.21;34.97;33.65;27.37;30.2
"840000327";1;60.34;56.67;60;60.71;53.57
"840000400";0;26.9;20.53;15.31;14.24;15.16
"840000400";1;62.5;40;50;25;42.86
"840000467";0;25.48;27.27;27.18;24.35;25.77
"840000467";1;80;52.94;33.33;42.86;40
"840000483";0;41.18;43.9;52.83;37.88;37.5
"840000483";1;50;83.33;57.14;66.67;33.33
"840001861";0;75.19;74.68;65.45;73.47;66.3
"840001861";1;100;77.78;57.14;33.33;90.91
"840013270";0;30.43;NA;NA;NA;NA
"840013445";0;42.28;34.45;39.37;35.37;42
"840013445";1;57.14;65;76.47;27.27;75
"840017172";0;50.75;57.01;49.48;41.48;37.71
"840017172";1;55.56;62.5;60;NA;NA
"840018337";0;75;77.78;66.67;50;54.55
"840018337";1;100;75;100;28.57;50
"850000118";0;17.33;13.46;17.74;11.3;19.36
"850000118";1;34.62;47.06;26.67;NA;30
"850000126";0;31.78;28;27.47;31.65;31.28
"850000126";1;44.44;36.84;57.14;44;66.67
"850000134";0;28.77;25.84;27.16;26.39;30.31
"850000134";1;38.46;35;30.77;40.91;50
"850000142";0;34.65;23.81;27.17;27.66;20.89
"850000142";1;48.78;44.12;43.9;53.33;48.05
"850000175";0;39.86;49.28;40.98;52.46;50
"850000175";1;60;75;57.14;85.71;62.5
"860000025";0;15.91;11.34;12.92;15.54;16.36
"860000025";1;33.33;NA;44.44;50;50
"860000058";0;30.65;26.23;44.44;39.02;47.83
"860000058";1;83.33;50;85.71;60;100
"860000223";0;50.69;51.34;40.76;33.67;45.08
"860000223";1;61.54;36.36;48.15;54.17;55.56
"860010321";0;28.72;31.47;30.19;32.63;24.74
"860010321";1;50;42.11;57.69;58.82;61.11
"860780311";0;24.46;16.35;26.97;19.49;23.62
"860780311";1;35.42;40;53.33;36;42.86
"870000064";0;31.56;29.64;22.58;22.73;22.09
"870000064";1;55.56;47.37;36.36;30.77;60
"870000098";0;21.67;20.29;20.1;29.74;50.6
"870000098";1;50;60;56.25;50;66.67
"870000288";0;23;26.59;28.31;29.19;31.33
"870000288";1;54.55;59.18;50;48.89;45.95
"870000411";0;19.3;24.43;28.09;34.57;43.07
"870000411";1;57.14;50;60.71;42.11;46.67
"880000021";0;45.61;31.03;35.9;31.67;25.4
"880000021";1;44.44;57.14;NA;63.64;10
"880000047";0;24.07;41.75;41.35;36.15;22.06
"880000047";1;14.29;85.71;71.43;50;55.56
"880000054";0;88.44;85.42;87.39;89.68;84.5
"880000054";1;92.86;100;84.62;78.57;60
"880000062";0;20;17.69;14.38;13.78;18.02
"880000062";1;73.47;65.38;52.08;34.21;52.94
"880788591";0;31.4;26.6;25.27;20.91;21.88
"880788591";1;52.17;52.94;45.45;37.04;62.07
"890000169";0;4.02;NA;NA;NA;35.65
"890000169";1;8.16;3.45;NA;NA;50
"890002389";0;29.45;26.47;33.04;29.46;31.64
"890002389";1;60;57.89;71.43;60;52
"890975527";0;46.75;32.5;36.36;36.21;38.27
"890975527";1;62.96;64;60;61.11;63.16
"890975550";0;43.98;47.06;43.56;49.31;48.18
"890975550";1;62.5;49.09;63.64;66.67;60.61
"900000035";0;38.28;36.04;35.36;40.97;36.52
"900000035";1;72.73;73.33;46.67;78.57;61.54
"900000167";0;57.14;75;100;NA;NA
"900000167";1;62.5;NA;NA;NA;NA
"910000272";0;15.25;38.6;37.7;27.06;21.25
"910000272";1;50;62.5;62.5;83.33;66.67
"910000280";0;14.29;NA;7.69;NA;NA
"910000298";0;47.52;41.98;51.61;49.06;48.89
"910000298";1;57.14;42.86;33.33;57.89;66.67
"910000306";0;6.98;5;30;28.57;60
"910000306";1;66.67;25;27.27;37.5;46.15
"910001973";0;2;NA;4.92;3.77;1.59
"910020254";0;42.57;53.4;42.86;37.14;15.52
"910020254";1;33.33;34.78;33.33;38.46;15.38
"910300011";0;27.17;22.64;6.09;NA;1.63
"910300011";1;50;NA;NA;NA;NA
"910300144";0;48.26;50;53.27;51.17;56.22
"910300144";1;25;66.67;53.85;57.14;50
"910300177";0;18.35;31.58;33.33;26.47;33.81
"910300177";1;7.69;50;50;36.36;45
"910300219";0;43.3;43.67;34.78;46.8;48.5
"910300219";1;60.87;71.43;50;43.75;60
"910300300";0;26.92;31.82;30;51.28;51.32
"910300300";1;100;100;50;100;75
"910300359";0;43.84;66.48;59.86;46.15;NA
"910300359";1;29.41;71.43;80;NA;NA
"910803543";0;24.4;22.14;22.33;25.1;23.08
"910803543";1;25;40;30.77;25;50
"910805357";0;31.39;34.85;29.08;23.31;29.65
"910805357";1;44.12;38;45.45;50;31.58
"920000577";0;87.5;100;NA;NA;NA
"920000577";1;60;100;NA;NA;NA
"920000643";0;79.13;70.21;70.77;76.92;75.86
"920000643";1;77.5;94.74;84;73.33;76.67
"920100013";0;45.64;33.73;7.91;23.97;30.47
"920100013";1;81.82;59.26;16.67;47.06;36.36
"920100021";0;58.33;64.44;58.33;52.31;36.71
"920100021";1;58.33;66.67;60;69.23;83.33
"920100039";0;65.52;59.2;62.94;70.43;68.14
"920100039";1;69.23;66.67;63.64;60;100
"920100054";0;48.4;54.81;53.52;55.02;62.22
"920100054";1;60.87;58.82;86.67;81.82;66.67
"920120011";0;55.17;38.73;48.09;31.38;54.38
"920120011";1;57.14;50;47.06;48.28;58.33
"920300043";0;41.71;34.18;39.67;38.98;43.19
"920300043";1;51.85;37.5;61.9;42.86;37.5
"920300191";0;41.07;31.91;36.84;39.53;32.35
"920300191";1;50;100;66.67;57.14;50
"920300365";0;44.74;48.57;46.4;43.8;40
"920300365";1;80;50;25;33.33;100
"920300415";0;61.19;41.1;42.67;32.89;48.57
"920300415";1;75;60;42.86;100;16.67
"920300597";0;40.49;34.64;29.21;18.56;42.47
"920300597";1;66.67;77.78;44.44;50;43.75
"920300787";0;35.14;20.69;17.86;9.52;12.5
"920300787";1;40;20;50;NA;NA
"920300837";0;37.5;40.23;46.07;34.04;36.84
"920300837";1;100;100;NA;33.33;NA
"920300936";0;16.67;39.39;43.62;40.18;35.96
"920300936";1;50;NA;75;100;66.67
"930000286";0;47.69;24.07;16.95;20;25
"930000286";1;60;45.45;37.25;30;43.1
"930000302";0;51.72;34.43;16.42;20.9;28.33
"930000302";1;66.67;50;NA;NA;100
"930000328";0;37.21;25;34.29;14.29;34.62
"930000336";0;36.36;35.71;40.35;50.88;62.26
"930100037";0;45.76;67.92;78.57;75.44;67.78
"930100037";1;63.64;75;100;80;62.5
"930300025";0;22.73;22.22;15;47.37;52.5
"930300066";0;45.54;49.09;37.63;37.76;36.63
"930300066";1;83.33;60;83.33;66.67;25
"930300082";0;16.22;13.79;13.56;33.96;57.63
"930300082";1;20;16.67;NA;54.55;50
"930300116";0;41.82;48.12;53.96;53.15;64.75
"930300116";1;50;50;66.67;80;25
"930300264";0;48.41;61.27;61.67;57.67;58.4
"930300264";1;60;100;100;37.5;57.14
"930300298";0;53.45;48.39;37.14;37.97;39.44
"930300298";1;100;83.33;50;45.45;50
"930300504";0;64.52;75;NA;NA;NA
"930300504";1;50;50;NA;NA;NA
"930300553";0;37.5;46.03;36.49;51.67;71.67
"930300553";1;75;100;33.33;50;66.67
"930300587";0;81.36;87.1;87.5;89.09;77.08
"930300587";1;100;100;100;NA;33.33
"930300595";0;31.58;41.33;30;26.79;28.05
"930300595";1;57.14;50;33.33;33.33;100
"940000599";0;28.68;33.06;39.05;31.68;28.57
"940000599";1;41.18;58.33;61.11;28.57;55
"940000649";0;75;61.11;73.03;56.94;34.43
"940000649";1;75;72.73;71.43;75;66.67
"940006679";0;7.64;6.36;9.38;9.23;10.16
"940006679";1;12.5;14.29;28.57;33.33;18.18
"940100027";0;70.79;62.01;61.19;51.51;45.91
"940100027";1;94.12;73.08;80.95;61.11;65
"940100043";0;5.49;NA;1.06;4.04;18.35
"940100043";1;5.26;NA;NA;NA;30
"940120017";0;36.53;18.97;34.94;50.33;43.79
"940120017";1;33.33;27.27;15;40;60
"940300031";0;25.13;17.13;25.43;17.42;14.23
"940300031";1;42.11;38.46;36.36;58.33;29.41
"940300270";0;21.08;21.05;21.39;22.36;20.39
"940300270";1;50;41.67;16.67;33.33;36.36
"940300445";0;47.06;58.82;30.77;37.93;40
"940300494";0;21.98;21.51;21.28;21.49;22.31
"940300494";1;23.08;33.33;11.11;40;66.67
"940300569";0;45.37;31.37;37.04;40.62;36.26
"940300569";1;80;62.5;80;100;NA
"940813033";0;2.06;NA;1.08;3.03;NA
"950000307";0;56.45;34.38;36.25;61.54;41.67
"950000307";1;66.67;33.33;40;83.33;71.43
"950000315";0;38.46;20;14.29;26.09;28
"950000315";1;100;50;33.33;33.33;50
"950000323";0;48.45;45.61;38.78;40.62;30.48
"950000323";1;73.91;60.71;67.86;76.19;81.25
"950000331";0;89.04;98.04;79.69;84.06;75
"950000364";0;41.77;45.56;23.23;NA;20.93
"950000364";1;42.86;50;33.33;20;5.56
"950300095";0;2.45;3.46;4.53;20.25;16.55
"950300095";1;6.45;14.81;8.7;37.93;28.57
"950300137";0;1.86;4.79;NA;NA;NA
"950300202";0;25.81;13.33;4.02;3.39;4.26
"950300202";1;42.11;14.58;7.69;NA;NA
"950300244";0;27.66;31.68;43.14;50.56;40.91
"950300244";1;100;100;NA;90;54.55
"950300277";0;44.05;46.11;45.16;45.95;44.05
"950300277";1;50;75;40;30;100
"950300350";0;69.23;33.33;28.57;75;100
"950300350";1;100;100;NA;NA;NA
"950807982";0;16.93;17.34;16.92;18.41;28.5
"950807982";1;34.48;61.11;33.33;37.5;73.68
"970100392";0;66.67;52.63;37.93;67.86;65.45
"970100392";1;66.67;100;100;100;NA
"970100442";0;36.84;46.23;62.5;52.87;81.55
"970100442";1;50;100;50;50;40
"970107249";0;44.36;71.85;56;68.5;74.66
"970202313";0;94.86;95.37;83.4;83.33;89.97
"970202313";1;100;100;84.62;66.67;100
"970202321";0;100;100;100;NA;NA
"970211215";0;68.57;69.89;77.12;73.57;64.33
"970211231";0;100;NA;NA;NA;NA
"970300265";0;4.76;7.32;5.71;NA;NA
"970302055";0;60;62.5;37.5;25;26.09
"970302055";1;50;50;50;NA;NA
"970400024";0;2.94;NA;NA;NA;NA
"970400057";0;2.86;2.63;NA;2.33;NA
"970400065";0;16.67;71.43;47.37;29.41;23.08
"970400073";0;45.45;21.43;25;4.17;31.82
"970400073";1;33.33;NA;100;100;33.33
"970462073";0;10.14;25.38;21.98;21.48;24.57
"970462073";1;50;60;33.33;NA;100
"970462081";0;56.88;49.03;51.61;50.23;48.29
"970462081";1;50;80;69.23;44.44;66.67
"970462107";0;27.06;22.67;14.83;13.08;11.81
"970462107";1;18.75;38.46;35.71;27.27;19.05
"060001450";1;NA;100;NA;NA;NA
"060780723";1;NA;28.57;100;NA;50
"120000070";0;NA;55.56;50;50;NA
"130002215";1;NA;25;NA;NA;50
"130783327";1;NA;33.33;NA;NA;NA
"150000040";1;NA;25;25;100;100
"210011847";0;NA;3.49;4.55;13;21.51
"220022800";1;NA;44.83;55.56;65.62;58.82
"260000286";0;NA;100;100;NA;NA
"260000286";1;NA;100;100;NA;NA
"290000058";0;NA;100;NA;NA;NA
"310016977";0;NA;100;NA;NA;NA
"360000160";1;NA;100;100;66.67;NA
"380020123";0;NA;13.04;27.03;44.19;30
"380020123";1;NA;44.44;NA;50;NA
"400780342";0;NA;44.44;40.78;42.41;37.93
"400780342";1;NA;100;60;NA;NA
"510000250";0;NA;100;NA;NA;NA
"510000250";1;NA;100;NA;NA;NA
"580004836";1;NA;100;NA;NA;NA
"600000186";1;NA;66.67;25;NA;NA
"620101501";1;NA;20;23.81;14.29;23.53
"630000420";1;NA;100;100;50;50
"630781268";1;NA;50;NA;NA;NA
"640015921";0;NA;30.48;32.73;NA;NA
"640015921";1;NA;66.67;71.43;NA;NA
"670017862";0;NA;20.51;25;NA;NA
"670017862";1;NA;44.44;50;NA;NA
"690805361";1;NA;60;46.67;69.57;45
"700780059";0;NA;100;NA;NA;NA
"740000328";1;NA;5.88;42.86;14.29;2.78
"780300455";1;NA;33.33;NA;70;55.56
"800000432";1;NA;12.5;25;20;50
"830100368";0;NA;6.82;8.14;10.99;12.5
"830100574";0;NA;22.69;61.73;62.14;61.03
"910000280";1;NA;50;50;NA;NA
"910001973";1;NA;5;NA;NA;5
"920300753";0;NA;0.88;40.88;30.21;25
"920300753";1;NA;5.13;68.42;61.9;52.63
"930000336";1;NA;100;50;NA;NA
"930300025";1;NA;33.33;NA;100;NA
"940300445";1;NA;100;100;75;50
"950000331";1;NA;50;100;50;NA
"970107249";1;NA;100;NA;50;100
"970202321";1;NA;100;100;NA;NA
"970211215";1;NA;83.33;100;33.33;64.29
"970400065";1;NA;75;57.14;57.14;43.75
"080000110";0;NA;NA;33.33;NA;NA
"130002835";1;NA;NA;33.33;80;20
"130044753";0;NA;NA;2;NA;NA
"130782162";1;NA;NA;33.33;33.33;100
"210012670";0;NA;NA;44.28;40.81;38.82
"210012670";1;NA;NA;25;71.43;57.14
"290000728";1;NA;NA;50;75;NA
"300017498";0;NA;NA;62.5;79.41;93.75
"330000589";1;NA;NA;100;66.67;50
"330780040";0;NA;NA;4.08;15.56;10.26
"340022979";0;NA;NA;43.48;35.61;34.95
"340022979";1;NA;NA;80;82.35;47.62
"340780725";1;NA;NA;50;33.33;66.67
"370000903";1;NA;NA;50;100;70
"520004714";0;NA;NA;27.37;29.52;26.02
"520004714";1;NA;NA;50;43.75;42.86
"520004722";0;NA;NA;22.45;8.54;NA
"520004722";1;NA;NA;100;12.5;NA
"540001096";1;NA;NA;100;42.86;28.57
"620105940";1;NA;NA;50;NA;NA
"670018068";0;NA;NA;20.13;18.96;17.27
"670018068";1;NA;NA;46;49.12;51.92
"710978347";0;NA;NA;16.67;48.08;44.29
"710978347";1;NA;NA;50;60.87;42.86
"730012499";0;NA;NA;14.41;13.58;17.32
"750100208";1;NA;NA;100;100;NA
"750300410";1;NA;NA;100;NA;NA
"770300192";1;NA;NA;45.45;9.09;12.5
"770300275";1;NA;NA;25;NA;100
"830000295";1;NA;NA;50;NA;NA
"830100574";1;NA;NA;66.67;50;50
"900003039";0;NA;NA;54.17;51.47;49.4
"900003039";1;NA;NA;33.33;14.29;33.33
"940300379";0;NA;NA;15.49;35.21;35.14
"940300379";1;NA;NA;57.14;33.33;52.94
"950032714";0;NA;NA;1.61;3.02;2.17
"970300026";0;NA;NA;33.33;NA;11.54
"970300265";1;NA;NA;50;NA;NA
"100010818";0;NA;NA;NA;15.58;19.89
"210011847";1;NA;NA;NA;33.33;50
"310000310";0;NA;NA;NA;100;NA
"310026083";1;NA;NA;NA;50;100
"310026927";0;NA;NA;NA;43.18;51.58
"510002447";0;NA;NA;NA;50;NA
"520004680";0;NA;NA;NA;35.29;21.64
"540002698";0;NA;NA;NA;50;NA
"570000901";1;NA;NA;NA;71.43;75
"590000469";1;NA;NA;NA;100;NA
"670000025";1;NA;NA;NA;100;NA
"730012499";1;NA;NA;NA;60;72.73
"750300881";0;NA;NA;NA;20;58.33
"750300881";1;NA;NA;NA;100;66.67
"770000164";1;NA;NA;NA;100;50
"790019848";0;NA;NA;NA;23.4;25.82
"790019848";1;NA;NA;NA;25;40
"920300761";0;NA;NA;NA;9.7;36.88
"920300761";1;NA;NA;NA;33.33;NA
"930000328";1;NA;NA;NA;40;50
"940813033";1;NA;NA;NA;5.26;NA
"970305637";0;NA;NA;NA;27.59;30.23
"970305637";1;NA;NA;NA;50;50
"020000360";1;NA;NA;NA;NA;60
"020001061";1;NA;NA;NA;NA;66.67
"030780548";0;NA;NA;NA;NA;23.48
"030780548";1;NA;NA;NA;NA;25
"130783293";1;NA;NA;NA;NA;100
"2B0000392";1;NA;NA;NA;NA;25
"310026927";1;NA;NA;NA;NA;90.91
"310783055";0;NA;NA;NA;NA;100
"330060658";0;NA;NA;NA;NA;19.23
"330060658";1;NA;NA;NA;NA;75
"330780040";1;NA;NA;NA;NA;50
"490020245";1;NA;NA;NA;NA;100
"560029068";0;NA;NA;NA;NA;28.92
"560029068";1;NA;NA;NA;NA;61.54
"590787586";1;NA;NA;NA;NA;50
"590811279";0;NA;NA;NA;NA;50
"640019220";0;NA;NA;NA;NA;36.9
"640019220";1;NA;NA;NA;NA;40
"690041124";0;NA;NA;NA;NA;35.48
"690041124";1;NA;NA;NA;NA;61.54
"970100012";0;NA;NA;NA;NA;7.69
"970300083";0;NA;NA;NA;NA;12.5
"970400057";1;NA;NA;NA;NA;7.69
